{"stats":{"minecraft:picked_up":{"minecraft:lingering_potion":2,"minecraft:splash_potion":14,"minecraft:ladder":1,"minecraft:yellow_dye":64,"minecraft:map":64,"minecraft:cornflower":1,"minecraft:oak_sign":3,"minecraft:stone_bricks":1,"minecraft:bucket":22,"minecraft:oak_door":1,"minecraft:redstone":11,"minecraft:diamond_shovel":1,"minecraft:diamond":64,"minecraft:painting":2},"minecraft:crafted":{"minecraft:acacia_planks":400},"minecraft:dropped":{"minecraft:diamond":64,"minecraft:wheat":64,"minecraft:filled_map":53,"minecraft:map":64,"minecraft:stone_bricks":1,"minecraft:bucket":16,"minecraft:acacia_planks":64},"minecraft:killed_by":{"minecraft:player":6},"minecraft:killed":{"minecraft:villager":3},"minecraft:custom":{"minecraft:mob_kills":3,"minecraft:open_barrel":1,"minecraft:play_one_minute":252498,"minecraft:leave_game":12,"minecraft:time_since_death":9753,"minecraft:climb_one_cm":2831,"minecraft:time_since_rest":9823,"minecraft:sprint_one_cm":300198,"minecraft:damage_taken":11536,"minecraft:walk_one_cm":597701,"minecraft:drop":213,"minecraft:minecart_one_cm":402,"minecraft:damage_dealt":5873,"minecraft:swim_one_cm":854,"minecraft:fly_one_cm":1340962,"minecraft:player_kills":10,"minecraft:open_chest":3,"minecraft:crouch_one_cm":18925,"minecraft:deaths":23,"minecraft:sneak_time":7874,"minecraft:walk_under_water_one_cm":4267,"minecraft:jump":2332,"minecraft:aviate_one_cm":95993,"minecraft:walk_on_water_one_cm":10964,"minecraft:fall_one_cm":95340,"minecraft:inspect_dispenser":32},"minecraft:used":{"minecraft:turtle_spawn_egg":19,"minecraft:oak_fence":81,"minecraft:water_bucket":22,"minecraft:cobblestone_stairs":30,"minecraft:spruce_door":3,"minecraft:birch_planks":47,"minecraft:smooth_quartz_slab":82,"minecraft:stripped_birch_log":17,"minecraft:spruce_slab":176,"minecraft:redstone":13,"minecraft:dispenser":31,"minecraft:dark_oak_sign":7,"minecraft:lime_wool":11,"minecraft:ladder":4,"minecraft:oak_sign":149,"minecraft:polished_diorite_slab":15,"minecraft:spruce_planks":3004,"minecraft:stone":48,"minecraft:composter":13,"minecraft:diamond_axe":29,"minecraft:oak_door":4,"minecraft:white_wool":17,"minecraft:torch":4,"minecraft:dirt":10,"minecraft:rail":3,"minecraft:oak_slab":162,"minecraft:tnt":19,"minecraft:light_blue_wool":55,"minecraft:orange_wool":11,"minecraft:sponge":16,"minecraft:cyan_wool":13,"minecraft:milk_bucket":4,"minecraft:stone_brick_slab":41,"minecraft:dark_oak_planks":5,"minecraft:lever":9,"minecraft:black_wool":133,"minecraft:lava_bucket":8,"minecraft:bricks":144,"minecraft:stripped_dark_oak_wood":296,"minecraft:villager_spawn_egg":31,"minecraft:command_block":2,"minecraft:heavy_weighted_pressure_plate":4,"minecraft:iron_block":2,"minecraft:grass_block":16,"minecraft:oak_stairs":38,"minecraft:map":53,"minecraft:barrier":3,"minecraft:string":13,"minecraft:stone_button":2,"minecraft:quartz_block":35,"minecraft:lectern":1,"minecraft:stone_slab":10,"minecraft:spruce_trapdoor":4,"minecraft:oak_pressure_plate":66,"minecraft:diamond_ore":1,"minecraft:iron_door":2,"minecraft:pink_wool":16,"minecraft:stone_brick_stairs":19,"minecraft:stone_bricks":71,"minecraft:tripwire_hook":7,"minecraft:birch_trapdoor":2,"minecraft:diamond_sword":49,"minecraft:cobblestone":24,"minecraft:bow":7,"minecraft:hay_block":4,"minecraft:iron_trapdoor":10,"minecraft:bucket":5,"minecraft:minecart":3,"minecraft:glass_pane":4,"minecraft:turtle_egg":1,"minecraft:smooth_stone":269,"minecraft:bone_meal":27,"minecraft:birch_stairs":1,"minecraft:cobweb":10}},"DataVersion":1968}