{"stats":{"minecraft:custom":{"minecraft:time_since_rest":3218,"minecraft:sprint_one_cm":813723,"minecraft:damage_taken":10101,"minecraft:walk_one_cm":292716,"minecraft:drop":4,"minecraft:damage_dealt":4359,"minecraft:swim_one_cm":49,"minecraft:player_kills":22,"minecraft:fly_one_cm":2594347,"minecraft:open_chest":13,"minecraft:crouch_one_cm":53051,"minecraft:play_one_minute":208481,"minecraft:deaths":37,"minecraft:sneak_time":20955,"minecraft:walk_under_water_one_cm":1942,"minecraft:jump":6670,"minecraft:leave_game":1,"minecraft:walk_on_water_one_cm":1989,"minecraft:time_since_death":3193,"minecraft:climb_one_cm":6074,"minecraft:fall_one_cm":41336},"minecraft:picked_up":{"minecraft:ladder":1,"minecraft:paper":2,"minecraft:dark_oak_planks":1,"minecraft:diamond_axe":1,"minecraft:painting":5,"minecraft:birch_sign":2},"minecraft:killed_by":{"minecraft:player":16},"minecraft:used":{"minecraft:stone_brick_slab":110,"minecraft:dark_oak_planks":5,"minecraft:stripped_dark_oak_wood":568,"minecraft:cobblestone_stairs":40,"minecraft:diamond_shovel":106,"minecraft:spruce_door":4,"minecraft:black_stained_glass_pane":131,"minecraft:grass_block":4,"minecraft:spruce_slab":28,"minecraft:birch_sapling":4,"minecraft:ladder":18,"minecraft:spruce_planks":265,"minecraft:chest":2,"minecraft:diamond_axe":64,"minecraft:cobblestone_slab":126,"minecraft:stone_brick_stairs":135,"minecraft:stone_bricks":91,"minecraft:oak_leaves":10,"minecraft:bedrock":5,"minecraft:red_stained_glass_pane":9,"minecraft:dark_oak_trapdoor":15,"minecraft:dirt":3,"minecraft:cobblestone":41,"minecraft:anvil":1,"minecraft:oak_sapling":5,"minecraft:birch_sign":16,"minecraft:crossbow":4,"minecraft:grass_path":6,"minecraft:painting":8,"minecraft:spruce_fence":21,"minecraft:smooth_stone":39,"minecraft:bone_meal":64,"minecraft:cobweb":15},"minecraft:dropped":{"minecraft:diamond_axe":1,"minecraft:dark_oak_planks":1,"minecraft:paper":2}},"DataVersion":1968}