{"stats":{"minecraft:dropped":{"minecraft:painting":1},"minecraft:used":{"minecraft:diamond_axe":3},"minecraft:killed_by":{"minecraft:player":3},"minecraft:custom":{"minecraft:open_barrel":2,"minecraft:time_since_rest":5175,"minecraft:open_chest":4,"minecraft:play_one_minute":20583,"minecraft:crouch_one_cm":3482,"minecraft:sprint_one_cm":99654,"minecraft:walk_one_cm":79745,"minecraft:damage_taken":1667,"minecraft:deaths":4,"minecraft:sneak_time":911,"minecraft:walk_under_water_one_cm":261,"minecraft:drop":1,"minecraft:jump":417,"minecraft:damage_dealt":442,"minecraft:leave_game":1,"minecraft:time_since_death":5151,"minecraft:walk_on_water_one_cm":546,"minecraft:climb_one_cm":1472,"minecraft:fall_one_cm":7724,"minecraft:fly_one_cm":103494,"minecraft:player_kills":1},"minecraft:picked_up":{"minecraft:painting":1}},"DataVersion":1968}