{"stats":{"minecraft:crafted":{"minecraft:leather_leggings":2,"minecraft:leather_boots":1,"minecraft:leather_chestplate":2},"minecraft:used":{"minecraft:diorite_stairs":3,"minecraft:oak_trapdoor":8,"minecraft:light_blue_banner":5,"minecraft:dark_oak_stairs":101,"minecraft:water_bucket":74,"minecraft:mossy_stone_bricks":1,"minecraft:rose_bush":6,"minecraft:end_rod":2,"minecraft:cobblestone_stairs":86,"minecraft:spruce_door":2,"minecraft:light_gray_stained_glass_pane":24,"minecraft:flint_and_steel":4,"minecraft:smooth_quartz_slab":10,"minecraft:oak_planks":31,"minecraft:gray_carpet":3,"minecraft:polished_andesite":8,"minecraft:spruce_slab":92,"minecraft:redstone":87,"minecraft:oak_sign":61,"minecraft:lime_wool":1,"minecraft:ladder":7,"minecraft:spruce_planks":1008,"minecraft:chest":5,"minecraft:wooden_pickaxe":6,"minecraft:stone":66,"minecraft:smooth_sandstone_stairs":2,"minecraft:sugar_cane":39,"minecraft:redstone_block":2,"minecraft:diamond_axe":148,"minecraft:oak_door":3,"minecraft:cobblestone_slab":64,"minecraft:quartz_stairs":1,"minecraft:grass":6,"minecraft:spruce_fence_gate":8,"minecraft:player_head":16,"minecraft:smooth_quartz_stairs":26,"minecraft:cracked_stone_bricks":2,"minecraft:green_terracotta":8,"minecraft:netherrack":2,"minecraft:oak_leaves":397,"minecraft:spruce_leaves":43,"minecraft:white_wool":16,"minecraft:dark_oak_trapdoor":9,"minecraft:mossy_cobblestone":52,"minecraft:dirt":410,"minecraft:lily_of_the_valley":3,"minecraft:vine":77,"minecraft:comparator":2,"minecraft:white_carpet":20,"minecraft:crafting_table":3,"minecraft:loom":5,"minecraft:sponge":2,"minecraft:spruce_stairs":33,"minecraft:oak_wood":158,"minecraft:cobblestone_wall":4,"minecraft:allium":6,"minecraft:campfire":1,"minecraft:note_block":20,"minecraft:painting":169,"minecraft:azure_bluet":3,"minecraft:spruce_fence":26,"minecraft:blue_concrete":8,"minecraft:spruce_log":2,"minecraft:dark_oak_door":9,"minecraft:redstone_torch":74,"minecraft:black_terracotta":7,"minecraft:dark_oak_planks":91,"minecraft:stone_brick_slab":66,"minecraft:flower_pot":7,"minecraft:lever":2,"minecraft:black_wool":20,"minecraft:black_concrete":9,"minecraft:oxeye_daisy":3,"minecraft:stripped_dark_oak_wood":131,"minecraft:diamond_shovel":21,"minecraft:light_gray_stained_glass":10,"minecraft:command_block":46,"minecraft:dark_oak_log":35,"minecraft:gray_stained_glass_pane":29,"minecraft:birch_slab":51,"minecraft:black_stained_glass_pane":8,"minecraft:iron_axe":10,"minecraft:grass_block":608,"minecraft:blue_orchid":5,"minecraft:string":1,"minecraft:oak_button":1,"minecraft:barrier":24,"minecraft:stone_button":17,"minecraft:dark_oak_wood":146,"minecraft:dark_oak_leaves":4,"minecraft:spruce_trapdoor":75,"minecraft:smooth_quartz":6,"minecraft:lilac":2,"minecraft:iron_door":2,"minecraft:spruce_sapling":18,"minecraft:gravel":13,"minecraft:barrel":15,"minecraft:blue_banner":3,"minecraft:stone_brick_stairs":1,"minecraft:stone_bricks":14,"minecraft:bedrock":2,"minecraft:blue_carpet":1,"minecraft:repeater":29,"minecraft:diamond_sword":3,"minecraft:tripwire_hook":2,"minecraft:coal_block":16,"minecraft:red_carpet":1,"minecraft:redstone_lamp":31,"minecraft:cobblestone":171,"minecraft:bow":6,"minecraft:magenta_wool":1,"minecraft:podzol":57,"minecraft:andesite":9,"minecraft:grass_path":55,"minecraft:glass_pane":20,"minecraft:repeating_command_block":1,"minecraft:white_concrete":1,"minecraft:coarse_dirt":14,"minecraft:smooth_stone":2,"minecraft:bone_meal":750,"minecraft:cobweb":37,"minecraft:dark_oak_sapling":129},"minecraft:killed_by":{"minecraft:player":32},"minecraft:mined":{"minecraft:white_carpet":6,"minecraft:grass":1},"minecraft:killed":{"minecraft:turtle":1},"minecraft:custom":{"minecraft:mob_kills":1,"minecraft:tune_noteblock":104,"minecraft:interact_with_crafting_table":4,"minecraft:play_one_minute":700442,"minecraft:interact_with_loom":8,"minecraft:pot_flower":2,"minecraft:leave_game":18,"minecraft:time_since_death":1136,"minecraft:climb_one_cm":21137,"minecraft:time_since_rest":1168,"minecraft:sprint_one_cm":2185266,"minecraft:damage_taken":10902,"minecraft:walk_one_cm":772416,"minecraft:drop":14,"minecraft:damage_dealt":10825,"minecraft:swim_one_cm":5398,"minecraft:fly_one_cm":5803424,"minecraft:player_kills":45,"minecraft:open_chest":32,"minecraft:crouch_one_cm":41562,"minecraft:deaths":47,"minecraft:sneak_time":28568,"minecraft:walk_under_water_one_cm":10925,"minecraft:jump":7333,"minecraft:walk_on_water_one_cm":14854,"minecraft:fall_one_cm":73404,"minecraft:inspect_dispenser":2},"minecraft:dropped":{"minecraft:diamond_axe":3,"minecraft:player_head":2,"minecraft:white_carpet":2,"minecraft:command_block":1,"minecraft:oak_sign":1,"minecraft:oak_button":1,"minecraft:wooden_pickaxe":2,"minecraft:paper":3},"minecraft:picked_up":{"minecraft:ladder":3,"minecraft:iron_door":1,"minecraft:wooden_pickaxe":1,"minecraft:skull_banner_pattern":1,"minecraft:cornflower":1,"minecraft:paper":3,"minecraft:globe_banner_pattern":2,"minecraft:white_carpet":8,"minecraft:oak_sign":32,"minecraft:wheat_seeds":1,"minecraft:redstone_torch":2,"minecraft:rose_bush":1,"minecraft:flower_banner_pattern":1,"minecraft:player_head":2,"minecraft:poppy":1,"minecraft:sugar_cane":24,"minecraft:dark_oak_sapling":1,"minecraft:mojang_banner_pattern":1,"minecraft:oak_door":3,"minecraft:dandelion":1,"minecraft:stone_button":3,"minecraft:redstone":4,"minecraft:command_block":1,"minecraft:lever":1,"minecraft:diamond_axe":3,"minecraft:painting":7,"minecraft:oak_button":1}},"DataVersion":1968}