{"stats":{"minecraft:killed":{"minecraft:slime":9},"minecraft:custom":{"minecraft:mob_kills":9,"minecraft:fill_cauldron":4,"minecraft:play_one_minute":973162,"minecraft:pot_flower":1,"minecraft:leave_game":26,"minecraft:time_since_death":4208,"minecraft:climb_one_cm":24486,"minecraft:time_since_rest":4233,"minecraft:sprint_one_cm":2691748,"minecraft:damage_taken":24102,"minecraft:walk_one_cm":1808016,"minecraft:drop":104,"minecraft:damage_dealt":13519,"minecraft:swim_one_cm":734,"minecraft:fly_one_cm":8859627,"minecraft:player_kills":65,"minecraft:open_chest":8,"minecraft:crouch_one_cm":106826,"minecraft:deaths":104,"minecraft:sneak_time":52937,"minecraft:walk_under_water_one_cm":16060,"minecraft:jump":17792,"minecraft:walk_on_water_one_cm":19507,"minecraft:fall_one_cm":117782,"minecraft:inspect_dispenser":6},"minecraft:picked_up":{"minecraft:repeater":1,"minecraft:iron_door":4,"minecraft:redstone_lamp":1,"minecraft:paper":3,"minecraft:quartz_slab":1,"minecraft:acacia_planks":63,"minecraft:oak_sign":3,"minecraft:wheat_seeds":2,"minecraft:spruce_planks":2,"minecraft:dark_oak_sign":2,"minecraft:redstone_torch":3,"minecraft:cobblestone_slab":1,"minecraft:poppy":1,"minecraft:spruce_slab":1,"minecraft:dark_oak_sapling":1,"minecraft:spruce_pressure_plate":2,"minecraft:oak_slab":2,"minecraft:dark_oak_slab":1,"minecraft:chain_command_block":2,"minecraft:oak_door":2,"minecraft:sand":1,"minecraft:stone_button":1,"minecraft:redstone":14,"minecraft:dark_oak_planks":1,"minecraft:repeating_command_block":4,"minecraft:slime_ball":7,"minecraft:lever":1,"minecraft:diamond_axe":6,"minecraft:painting":4,"minecraft:stripped_dark_oak_wood":4,"minecraft:white_concrete":2,"minecraft:oak_button":1},"minecraft:used":{"minecraft:oak_trapdoor":3,"minecraft:water_bucket":41,"minecraft:iron_bars":62,"minecraft:red_sand":1,"minecraft:cobblestone_stairs":78,"minecraft:spruce_door":5,"minecraft:gray_carpet":51,"minecraft:armor_stand":4,"minecraft:spruce_slab":416,"minecraft:dispenser":3,"minecraft:redstone":886,"minecraft:oak_planks":135,"minecraft:oak_sign":45,"minecraft:ladder":25,"minecraft:lily_pad":1,"minecraft:chest":13,"minecraft:spruce_planks":2077,"minecraft:redstone_block":29,"minecraft:white_shulker_box":3,"minecraft:cauldron":6,"minecraft:diamond_axe":188,"minecraft:quartz_stairs":19,"minecraft:cobblestone_slab":41,"minecraft:player_head":1,"minecraft:smooth_sandstone_stairs":8,"minecraft:oak_door":7,"minecraft:oak_leaves":6,"minecraft:white_wool":4,"minecraft:torch":32,"minecraft:dark_oak_trapdoor":8,"minecraft:dirt":16,"minecraft:brewing_stand":9,"minecraft:stripped_dark_oak_log":18,"minecraft:comparator":1,"minecraft:oak_slab":356,"minecraft:crafting_table":1,"minecraft:cobblestone_wall":173,"minecraft:yellow_concrete":4,"minecraft:painting":12,"minecraft:spruce_fence":71,"minecraft:spruce_log":28,"minecraft:dark_oak_door":1,"minecraft:dark_oak_planks":233,"minecraft:sticky_piston":3,"minecraft:redstone_torch":41,"minecraft:lever":4,"minecraft:black_concrete":42,"minecraft:stripped_dark_oak_wood":2748,"minecraft:bricks":2,"minecraft:bookshelf":100,"minecraft:dark_oak_log":15,"minecraft:command_block":33,"minecraft:quartz_slab":300,"minecraft:spruce_wood":12,"minecraft:iron_block":9,"minecraft:grass_block":419,"minecraft:oak_stairs":256,"minecraft:spruce_button":2,"minecraft:barrier":20,"minecraft:oak_button":8,"minecraft:stone_button":7,"minecraft:spruce_pressure_plate":14,"minecraft:spruce_trapdoor":8,"minecraft:smooth_quartz":4,"minecraft:dark_oak_slab":31,"minecraft:oak_pressure_plate":2,"minecraft:iron_door":19,"minecraft:spruce_sapling":18,"minecraft:stone_brick_stairs":20,"minecraft:stone_bricks":15,"minecraft:item_frame":7,"minecraft:bedrock":1,"minecraft:repeater":242,"minecraft:coal_block":1,"minecraft:birch_trapdoor":1,"minecraft:redstone_lamp":180,"minecraft:cobblestone":37,"minecraft:black_stained_glass":1,"minecraft:iron_trapdoor":6,"minecraft:white_stained_glass":70,"minecraft:chain_command_block":26,"minecraft:glass_pane":2,"minecraft:repeating_command_block":37,"minecraft:stone_pressure_plate":1,"minecraft:stripped_oak_log":7,"minecraft:white_concrete":1171,"minecraft:cobweb":14,"minecraft:stripped_spruce_wood":9,"minecraft:smooth_stone":55,"minecraft:bone_meal":352,"minecraft:dark_oak_sapling":300},"minecraft:mined":{"minecraft:grass":1,"minecraft:oak_sign":1},"minecraft:killed_by":{"minecraft:player":71},"minecraft:dropped":{"minecraft:repeating_command_block":4,"minecraft:oak_slab":2,"minecraft:diamond_axe":5,"minecraft:oak_sign":1,"minecraft:cobblestone_stairs":1,"minecraft:cobblestone_slab":1,"minecraft:redstone_lamp":1,"minecraft:spruce_planks":3,"minecraft:repeater":1,"minecraft:white_concrete":3,"minecraft:spruce_pressure_plate":1,"minecraft:stripped_dark_oak_wood":4,"minecraft:spruce_slab":1,"minecraft:sand":1,"minecraft:chain_command_block":2,"minecraft:paper":4,"minecraft:dark_oak_planks":1,"minecraft:white_stained_glass":1,"minecraft:acacia_planks":63,"minecraft:redstone":3,"minecraft:quartz_slab":1}},"DataVersion":1968}