{"stats":{"minecraft:used":{"minecraft:stripped_acacia_wood":18,"minecraft:orange_concrete_powder":2,"minecraft:red_sand":12,"minecraft:iron_bars":22,"minecraft:smooth_quartz_slab":67,"minecraft:dispenser":2,"minecraft:spruce_slab":245,"minecraft:dark_oak_sign":108,"minecraft:lime_wool":4,"minecraft:ladder":3,"minecraft:oak_planks":93,"minecraft:oak_sign":107,"minecraft:blue_wool":5,"minecraft:spruce_planks":3746,"minecraft:wooden_pickaxe":1,"minecraft:diamond_axe":86,"minecraft:sugar_cane":26,"minecraft:oak_door":3,"minecraft:white_wool":151,"minecraft:dark_oak_trapdoor":14,"minecraft:dirt":28,"minecraft:oak_slab":123,"minecraft:yellow_concrete":20,"minecraft:orange_wool":3,"minecraft:sponge":197,"minecraft:spruce_log":162,"minecraft:milk_bucket":15,"minecraft:polished_diorite":12,"minecraft:dark_oak_planks":1197,"minecraft:stone_brick_slab":2,"minecraft:lever":5,"minecraft:black_concrete":105,"minecraft:stripped_dark_oak_wood":1059,"minecraft:bookshelf":144,"minecraft:diamond_shovel":105,"minecraft:red_wool":4,"minecraft:quartz_slab":25,"minecraft:birch_slab":1,"minecraft:grass_block":43,"minecraft:cyan_carpet":10,"minecraft:dark_oak_slab":40,"minecraft:spruce_trapdoor":47,"minecraft:iron_door":9,"minecraft:stone_brick_stairs":1,"minecraft:yellow_wool":4,"minecraft:diamond_sword":31,"minecraft:magenta_wool":9,"minecraft:pufferfish_bucket":115,"minecraft:white_stained_glass":13,"minecraft:bucket":1,"minecraft:white_concrete":332,"minecraft:purple_wool":4,"minecraft:turtle_egg":16,"minecraft:smooth_stone":1,"minecraft:bone_meal":65,"minecraft:splash_potion":257,"minecraft:cobweb":1,"minecraft:dark_oak_sapling":29},"minecraft:killed_by":{"minecraft:player":40},"minecraft:mined":{"minecraft:white_carpet":1},"minecraft:killed":{"minecraft:slime":13,"minecraft:pufferfish":4,"minecraft:villager":31},"minecraft:custom":{"minecraft:mob_kills":48,"minecraft:play_one_minute":487497,"minecraft:leave_game":11,"minecraft:time_since_death":80,"minecraft:climb_one_cm":5951,"minecraft:time_since_rest":103,"minecraft:sprint_one_cm":1254779,"minecraft:damage_taken":36966,"minecraft:walk_one_cm":1465340,"minecraft:drop":99,"minecraft:damage_dealt":12434,"minecraft:swim_one_cm":4908,"minecraft:talked_to_villager":1,"minecraft:fly_one_cm":3738503,"minecraft:player_kills":25,"minecraft:open_chest":7,"minecraft:crouch_one_cm":41703,"minecraft:deaths":63,"minecraft:sneak_time":23445,"minecraft:walk_under_water_one_cm":10103,"minecraft:jump":7265,"minecraft:walk_on_water_one_cm":17254,"minecraft:fall_one_cm":309658,"minecraft:inspect_dispenser":5},"minecraft:dropped":{"minecraft:dark_oak_slab":1,"minecraft:diamond_shovel":2,"minecraft:milk_bucket":1,"minecraft:yellow_dye":64,"minecraft:paper":8,"minecraft:bucket":26},"minecraft:picked_up":{"minecraft:wheat":64,"minecraft:iron_door":1,"minecraft:wooden_pickaxe":1,"minecraft:paper":7,"minecraft:white_carpet":1,"minecraft:white_stained_glass":1,"minecraft:bucket":11,"minecraft:spruce_planks":1,"minecraft:dark_oak_sign":4,"minecraft:sugar_cane":3,"minecraft:milk_bucket":1,"minecraft:oak_door":1,"minecraft:diamond_shovel":1,"minecraft:slime_ball":5,"minecraft:white_concrete":1}},"DataVersion":1968}